{ "listdata": [{"path": "xlkpy/res/background/", "name": "game_bg_0.jpg", "md5": "055bfc1ea13aed2074343f57ea2996bb"}, 
{"path": "xlkpy/res/background/", "name": "game_bg_1.jpg", "md5": "76c9fe8967bf1e15299297d78b6306cb"}, 
{"path": "xlkpy/res/background/", "name": "game_bg_2.jpg", "md5": "38ac75065825a2eef492cd6ed21afadc"}, 
{"path": "xlkpy/res/background/", "name": "game_bg_3.jpg", "md5": "18ab32980bd8af9e2cb2dace92f1f15b"}, 
{"path": "xlkpy/res/background/", "name": "game_bg_4.jpg", "md5": "57e173b6adae6f30f1a98f233c6b2406"}, 
{"path": "xlkpy/res/bank_res/", "name": "bank_title.png", "md5": "22e8ff6677c1f6d127d893ca4ad66524"}, 
{"path": "xlkpy/res/bank_res/", "name": "bt_getout_0.png", "md5": "4a431a6599d7c464d6bf59a032ceeef3"}, 
{"path": "xlkpy/res/bank_res/", "name": "bt_getout_1.png", "md5": "4a19084ca392681c8848a6146818fda5"}, 
{"path": "xlkpy/res/bank_res/", "name": "im_arrow.png", "md5": "91ead58e97fb75c4280cf1a15616801a"}, 
{"path": "xlkpy/res/bank_res/", "name": "im_gold.png", "md5": "955b07267e5d58b3e7c0b45291f4352d"}, 
{"path": "xlkpy/res/bank_res/", "name": "im_money.png", "md5": "e7b45cd542e9944a666b649330711085"}, 
{"path": "xlkpy/res/bubble_res/", "name": "bigfish.plist", "md5": "f1c50c096256fd1df5614181db79328a"}, 
{"path": "xlkpy/res/bubble_res/", "name": "bubble_1.plist", "md5": "90f7ad2110c20446c5afe637b7ba7a04"}, 
{"path": "xlkpy/res/bubble_res/", "name": "fishBubble.png", "md5": "a5f6406205dd2d68abcd190f714cbd3a"}, 
{"path": "xlkpy/res/bubble_res/", "name": "fishking.plist", "md5": "a862398b47419668182672299427fc07"}, 
{"path": "xlkpy/res/bubble_res/", "name": "lockBubble.png", "md5": "78293704511ff11a8226cc07ed3dd400"}, 
{"path": "xlkpy/res/bubble_res/", "name": "lock_bubble_1.png", "md5": "a1c5793c4581935d4d746e144f5e37a7"}, 
{"path": "xlkpy/res/bubble_res/", "name": "lock_bubble_2.png", "md5": "a1c5793c4581935d4d746e144f5e37a7"}, 
{"path": "xlkpy/res/bubble_res/", "name": "lock_bubble_3.png", "md5": "a1c5793c4581935d4d746e144f5e37a7"}, 
{"path": "xlkpy/res/bubble_res/", "name": "lock_bubble_4.png", "md5": "a1c5793c4581935d4d746e144f5e37a7"}, 
{"path": "xlkpy/res/bubble_res/", "name": "lock_bubble_5.png", "md5": "a1c5793c4581935d4d746e144f5e37a7"}, 
{"path": "xlkpy/res/bubble_res/", "name": "lock_bubble_6.png", "md5": "a1c5793c4581935d4d746e144f5e37a7"}, 
{"path": "xlkpy/res/bubble_res/", "name": "lock_bubble_7.png", "md5": "a1c5793c4581935d4d746e144f5e37a7"}, 
{"path": "xlkpy/res/bubble_res/", "name": "lock_bubble_8.png", "md5": "a1c5793c4581935d4d746e144f5e37a7"}, 
{"path": "xlkpy/res/bubble_res/", "name": "Thumbs.db", "md5": "a166a441897c5f2323293a5b7f23cf71"}, 
{"path": "xlkpy/res/Default/", "name": "Button_Disable.png", "md5": "fa79821349dd686f516187283bc2fb8c"}, 
{"path": "xlkpy/res/Default/", "name": "ImageFile.png", "md5": "8b8ddbe2391511ba6e05d975dd2d9dba"}, 
{"path": "xlkpy/res/", "name": "filemd5List.csb", "md5": "423aa4351f2df6298c72bc857c5d2316"}, 
{"path": "xlkpy/res/gameClear/", "name": "bt_quit_game_0.png", "md5": "48b015751aaf7a2065142f104fc43334"}, 
{"path": "xlkpy/res/gameClear/", "name": "bt_quit_game_1.png", "md5": "8323c880fa3de3345226e48336b1895c"}, 
{"path": "xlkpy/res/gameClear/", "name": "bt_return_game_0.png", "md5": "feb3614e479e0d674a4a002d9c8819e0"}, 
{"path": "xlkpy/res/gameClear/", "name": "bt_return_game_1.png", "md5": "f5f55f0dd7ba22c8831c948666999b6b"}, 
{"path": "xlkpy/res/gameClear/", "name": "clearBox.png", "md5": "23e6f2374017a59afd54f7026308335c"}, 
{"path": "xlkpy/res/gameClear/", "name": "fishCatchNum.png", "md5": "ae9b084e383bdefc0d4db1c3f58ecd8f"}, 
{"path": "xlkpy/res/gameClear/", "name": "fishMultipleNum.png", "md5": "d63ed8141a580f36cdf1ee71dd185c43"}, 
{"path": "xlkpy/res/gameClear/", "name": "multiple.png", "md5": "faf934335dfdda26f88af85a2b20eff8"}, 
{"path": "xlkpy/res/gameClear/", "name": "num-.png", "md5": "fa03e4e37f14974ec9942b9a39f2cc7f"}, 
{"path": "xlkpy/res/gameClear/", "name": "scoreNum.png", "md5": "77a51bec051c3712eb230f68d3d737fc"}, 
{"path": "xlkpy/res/game_res/", "name": "add.png", "md5": "4653fd30a3a8a1360beeea78a55c288d"}, 
{"path": "xlkpy/res/game_res/", "name": "arrorw_left.png", "md5": "55849f5ef4c3211e05828dd1660b1c42"}, 
{"path": "xlkpy/res/game_res/", "name": "arrow_buttom.png", "md5": "e20ca106b551ae863887e512fc1e0072"}, 
{"path": "xlkpy/res/game_res/", "name": "arrow_left.png", "md5": "9757613ad27a912be6d82193ba0a4584"}, 
{"path": "xlkpy/res/game_res/", "name": "arrow_right.png", "md5": "24c28382a4428a702da60e2eee390ac0"}, 
{"path": "xlkpy/res/game_res/", "name": "Bank.csb", "md5": "229a5e446200d7ad5a75ab97f9436422"}, 
{"path": "xlkpy/res/game_res/", "name": "bomb.plist", "md5": "5d1810f29966442ba7e2a7c2a0818533"}, 
{"path": "xlkpy/res/game_res/", "name": "bomb.png", "md5": "e9d32f9e4c21962b1e98efc2c5a561ad"}, 
{"path": "xlkpy/res/game_res/", "name": "bullet_bodies.plist", "md5": "9040206ecd192e877b1bae9785d0f19b"}, 
{"path": "xlkpy/res/game_res/", "name": "bullet_guns_coins.plist", "md5": "1ba0e9117accab8f5f186ea8ec98ea76"}, 
{"path": "xlkpy/res/game_res/", "name": "bullet_guns_coins.png", "md5": "f54719596a0472184cd118dde8aed91b"}, 
{"path": "xlkpy/res/game_res/", "name": "byself0.png", "md5": "958959dd8a4b030485012d0a9b564869"}, 
{"path": "xlkpy/res/game_res/", "name": "byself1.png", "md5": "eb1d58d7ab72cbc9a7cee666c43c3540"}, 
{"path": "xlkpy/res/game_res/", "name": "Cannon.csb", "md5": "95fe470323b040d82d81030108ee5d77"}, 
{"path": "xlkpy/res/game_res/", "name": "chatBox.png", "md5": "f143b1617f321fe6a7f4629269ed3745"}, 
{"path": "xlkpy/res/game_res/", "name": "clew_box.png", "md5": "1c1579ba762b459b5d1fc2d11356e624"}, 
{"path": "xlkpy/res/game_res/", "name": "downscore.png", "md5": "adc6449a6f3604218f11c90b0000b0da"}, 
{"path": "xlkpy/res/game_res/", "name": "exit.png", "md5": "eb145d18fd8a98e06bce4121cfdee7cb"}, 
{"path": "xlkpy/res/game_res/", "name": "fire.png", "md5": "d81617efa95804dcf5c2d79897e9fa1a"}, 
{"path": "xlkpy/res/game_res/", "name": "fishking.plist", "md5": "5fba79f4e7c031c330ce2a9887b03afc"}, 
{"path": "xlkpy/res/game_res/", "name": "fish_bodies.plist", "md5": "02b107becb2758247380428d7f5245f2"}, 
{"path": "xlkpy/res/game_res/", "name": "fish_bodies11.plist", "md5": "f329dfe094e6520a4d34d5d7d7d3ae40"}, 
{"path": "xlkpy/res/game_res/", "name": "fish_dead.plist", "md5": "532ad2c7ded7acfffceb09ccae519ff7"}, 
{"path": "xlkpy/res/game_res/", "name": "fish_dead.png", "md5": "c531f0e5a6be058043c4c3d092b3541f"}, 
{"path": "xlkpy/res/game_res/", "name": "fish_move1.plist", "md5": "b92dd3af14805e973914bfa87daee7fb"}, 
{"path": "xlkpy/res/game_res/", "name": "fish_move1.png", "md5": "b3f3a2118c62654d6cbb7a8417e1660e"}, 
{"path": "xlkpy/res/game_res/", "name": "fish_move2.plist", "md5": "4eb6cd3ac105e1ae7785832a54729dcc"}, 
{"path": "xlkpy/res/game_res/", "name": "fish_move2.png", "md5": "9d21b3a8543deda0444c56ac2e15ff75"}, 
{"path": "xlkpy/res/game_res/", "name": "fish_wait.png", "md5": "23969ea2f9b209da92b8880c1e7a155d"}, 
{"path": "xlkpy/res/game_res/", "name": "Galaxy.plist", "md5": "5ac5ed0f1103f8bd7a91518c9ae26ad0"}, 
{"path": "xlkpy/res/game_res/", "name": "GameClear.csb", "md5": "56e69cf167045aaf784a471cb9617eda"}, 
{"path": "xlkpy/res/game_res/", "name": "goldBubble.plist", "md5": "752e26cf8bae3deb629c771bdb57f306"}, 
{"path": "xlkpy/res/game_res/", "name": "goldCircle.png", "md5": "8215b1ee7b4492ba85cce62fd396b4ea"}, 
{"path": "xlkpy/res/game_res/", "name": "golds.png", "md5": "bf2e5ac8c1c6961574dcc63e5a926d97"}, 
{"path": "xlkpy/res/game_res/", "name": "gold_banner.png", "md5": "5e79a92aa20d94ddebeda4e69e640bbb"}, 
{"path": "xlkpy/res/game_res/", "name": "gunPlatformButtom.png", "md5": "2b13926445eed60afd3e9692c12d547c"}, 
{"path": "xlkpy/res/game_res/", "name": "gunPlatformCenter.png", "md5": "26dac18a9f3fd47610b039adcc67d766"}, 
{"path": "xlkpy/res/game_res/", "name": "Help.csb", "md5": "69042dfc5b223407220c8cc5be68d346"}, 
{"path": "xlkpy/res/game_res/", "name": "help.png", "md5": "dda3241460682fd2376b50ee1b9cf971"}, 
{"path": "xlkpy/res/game_res/", "name": "Ice.png", "md5": "f6c935633738eeafb208c4d5aa47d2e7"}, 
{"path": "xlkpy/res/game_res/", "name": "ice3.plist", "md5": "33adb4139f1b10e9a25c547e6d1785f6"}, 
{"path": "xlkpy/res/game_res/", "name": "iceRed3.plist", "md5": "ddb353d7201e40de5b36f6c050d48332"}, 
{"path": "xlkpy/res/game_res/", "name": "Ice_Red.png", "md5": "877051ea1c9233b4cf27a18ae19a3a06"}, 
{"path": "xlkpy/res/game_res/", "name": "image.plist", "md5": "73e5a5cbf51a2a01faa17cc2ff8e044d"}, 
{"path": "xlkpy/res/game_res/", "name": "image.png", "md5": "fa6f4192ea5c77616228a384a97076bf"}, 
{"path": "xlkpy/res/game_res/", "name": "imputfield.png", "md5": "9fd6deb87bd3fbe89b09703cdfe8e5e0"}, 
{"path": "xlkpy/res/game_res/", "name": "im_award_0.png", "md5": "00f4f1b3c5a0726daba8d86d759acd44"}, 
{"path": "xlkpy/res/game_res/", "name": "im_award_1.png", "md5": "dcf436c475742086986609c894cde992"}, 
{"path": "xlkpy/res/game_res/", "name": "im_award_2.png", "md5": "df040992fd2e83e9b2b7868b2d0a8e50"}, 
{"path": "xlkpy/res/game_res/", "name": "im_award_3.png", "md5": "5170460330e0f4a6948ec492c5f8edc7"}, 
{"path": "xlkpy/res/game_res/", "name": "im_award_4.png", "md5": "1f832b0ec27571bf4f1435b8bb022172"}, 
{"path": "xlkpy/res/game_res/", "name": "im_box_gold.png", "md5": "9f6ed8c14455d561ee8008bf1efd7005"}, 
{"path": "xlkpy/res/game_res/", "name": "im_color_bg.png", "md5": "77d69ab969db49f2a76422bdda4e6b03"}, 
{"path": "xlkpy/res/game_res/", "name": "im_icon_0.png", "md5": "4534ca41eda7a90fc4e760339057f440"}, 
{"path": "xlkpy/res/game_res/", "name": "im_icon_1.png", "md5": "342e448ed3c678c60d323fb5abec3a76"}, 
{"path": "xlkpy/res/game_res/", "name": "im_info_bg_1.png", "md5": "5477841f8d3409b7cf6139c0302a1be2"}, 
{"path": "xlkpy/res/game_res/", "name": "im_info_bg_2.png", "md5": "dec8099371236d4d16e5e6894c98a53e"}, 
{"path": "xlkpy/res/game_res/", "name": "im_info_bg_3.png", "md5": "ff23494bb139de910e065743a33eec97"}, 
{"path": "xlkpy/res/game_res/", "name": "im_info_bg_4.png", "md5": "dc40e2b50216b5c5215cf2100b7f5f2b"}, 
{"path": "xlkpy/res/game_res/", "name": "im_info_bg_5.png", "md5": "cc6f0d65dad213c66e1978997970ba18"}, 
{"path": "xlkpy/res/game_res/", "name": "im_info_bg_6.png", "md5": "97b2e5c62fc0ae3bf9d8e436594a5414"}, 
{"path": "xlkpy/res/game_res/", "name": "im_line_frame.png", "md5": "c157677393dd8fdf492c2ce3cd262742"}, 
{"path": "xlkpy/res/game_res/", "name": "im_multiple_bg.png", "md5": "a762005906af4cce379247c5338209cb"}, 
{"path": "xlkpy/res/game_res/", "name": "im_net.png", "md5": "fe5bb837bf6edda20a391989202de8f9"}, 
{"path": "xlkpy/res/game_res/", "name": "im_net_big.png", "md5": "d297063751695f28227a8fbcb8aeca6d"}, 
{"path": "xlkpy/res/game_res/", "name": "im_supply_1.png", "md5": "390ff8df79b30f7573ff1a08833a583c"}, 
{"path": "xlkpy/res/game_res/", "name": "im_supply_2.png", "md5": "390ff8df79b30f7573ff1a08833a583c"}, 
{"path": "xlkpy/res/game_res/", "name": "im_supply_3.png", "md5": "91b660ae2683df91788aeca7590718eb"}, 
{"path": "xlkpy/res/game_res/", "name": "knife.png", "md5": "1ba2726db78d2c88fad6861c39a89f91"}, 
{"path": "xlkpy/res/game_res/", "name": "less.png", "md5": "624ba9fa3452e3fe6362395085ecd5d5"}, 
{"path": "xlkpy/res/game_res/", "name": "lock0.png", "md5": "72853cee32f24ff046c7022c5f531c7b"}, 
{"path": "xlkpy/res/game_res/", "name": "lock1.png", "md5": "e0678e6217904f9de37084060e0b7763"}, 
{"path": "xlkpy/res/game_res/", "name": "lockNum.png", "md5": "084e5ac6599a9d8682c83c6079f9a605"}, 
{"path": "xlkpy/res/game_res/", "name": "lock_fish.plist", "md5": "e5d1fd9ac34c588cf3a6e4a049f84557"}, 
{"path": "xlkpy/res/game_res/", "name": "lock_fish.png", "md5": "a17d58064e305943f4ae857454dfcf5e"}, 
{"path": "xlkpy/res/game_res/", "name": "maskBlue.png", "md5": "be6449e13e04c3bcde27fbbd6099b5c4"}, 
{"path": "xlkpy/res/game_res/", "name": "mutipleNum.png", "md5": "1c84b52f73cc887c4d0dc1971af3571c"}, 
{"path": "xlkpy/res/game_res/", "name": "num_award.png", "md5": "e1a45b879f1a35514b7c44b7b8516d34"}, 
{"path": "xlkpy/res/game_res/", "name": "num_clear.png", "md5": "134281704281deb649430748bc29eadb"}, 
{"path": "xlkpy/res/game_res/", "name": "num_clear_multiple.png", "md5": "a2199c39a3a88ac4bf0cddc550a61900"}, 
{"path": "xlkpy/res/game_res/", "name": "num_clear_strip.png", "md5": "9656b779467aa96b640c53030b4e86c3"}, 
{"path": "xlkpy/res/game_res/", "name": "num_game_gold.png", "md5": "bacf15a12d58c155011feabbb3c68fc7"}, 
{"path": "xlkpy/res/game_res/", "name": "num_help.png", "md5": "e50de99b477a549513231fb7d090f778"}, 
{"path": "xlkpy/res/game_res/", "name": "num_multiple.png", "md5": "e50de99b477a549513231fb7d090f778"}, 
{"path": "xlkpy/res/game_res/", "name": "num_score.png", "md5": "1508b61b1e66a797b92ce86ea02b1b3f"}, 
{"path": "xlkpy/res/game_res/", "name": "particles_test1.plist", "md5": "cacfd54410a30c1afcb8c3cc41290b78"}, 
{"path": "xlkpy/res/game_res/", "name": "particles_test2.plist", "md5": "ecd590e7f1db84b6afb3b448175d6e66"}, 
{"path": "xlkpy/res/game_res/", "name": "pos_arrow.png", "md5": "e20ca106b551ae863887e512fc1e0072"}, 
{"path": "xlkpy/res/game_res/", "name": "pos_tips.png", "md5": "aee58945a97d65a6030e2690cd312927"}, 
{"path": "xlkpy/res/game_res/", "name": "scoreNum.png", "md5": "8c9d0e715139664946a44b3137332901"}, 
{"path": "xlkpy/res/game_res/", "name": "scoreNum1.png", "md5": "1182b170e542fadecfa098bef793ba16"}, 
{"path": "xlkpy/res/game_res/", "name": "secondTip.png", "md5": "f4461747a3e40f1e5442e5969f0f13c6"}, 
{"path": "xlkpy/res/game_res/", "name": "Setting.csb", "md5": "b7d2a3fa8fb67de28c81cecf583eb9ae"}, 
{"path": "xlkpy/res/game_res/", "name": "show_hide.png", "md5": "6c0da5cf8584d25f834af2061218684a"}, 
{"path": "xlkpy/res/game_res/", "name": "show_isVisible.png", "md5": "9d4a206b47f4507c6acf757195397e35"}, 
{"path": "xlkpy/res/game_res/", "name": "sound0.png", "md5": "8541c2017f5b69091d2b27b567b803a5"}, 
{"path": "xlkpy/res/game_res/", "name": "sound1.png", "md5": "2bf279d88a133b1fe3a6ee6fa62e9974"}, 
{"path": "xlkpy/res/game_res/", "name": "speed_effect.png", "md5": "7ccebc4a47953ae8a829635755b6be57"}, 
{"path": "xlkpy/res/game_res/", "name": "speed_fast.png", "md5": "7c816f9581b5f35e0d785be8c43c2496"}, 
{"path": "xlkpy/res/game_res/", "name": "speed_slow.png", "md5": "90eea9d03142f4927fb788463889f9d9"}, 
{"path": "xlkpy/res/game_res/", "name": "stop.plist", "md5": "f636b09f753cb0e8d93beabdb70ca563"}, 
{"path": "xlkpy/res/game_res/", "name": "sword_score.png", "md5": "0f9cf84642cc207dcf5359bbfa667d48"}, 
{"path": "xlkpy/res/game_res/", "name": "tip_pos.png", "md5": "aee58945a97d65a6030e2690cd312927"}, 
{"path": "xlkpy/res/game_res/", "name": "trumpet_0.png", "md5": "8b0890caa3e5ebeec48da75b12378294"}, 
{"path": "xlkpy/res/game_res/", "name": "trumpet_1.png", "md5": "9497a1e60bec52e2df0014bc928c3815"}, 
{"path": "xlkpy/res/game_res/", "name": "upscore.png", "md5": "b6196f5b72608c895ecf5a5eb14b202c"}, 
{"path": "xlkpy/res/game_res/", "name": "watch.plist", "md5": "fe374a63f3f2237c8e571b8c1af79056"}, 
{"path": "xlkpy/res/game_res/", "name": "watch.png", "md5": "939531099b89f7d23aecee7ec4a8a953"}, 
{"path": "xlkpy/res/game_res/", "name": "water.plist", "md5": "f005e0deecab52898a816ed4fad2bb2a"}, 
{"path": "xlkpy/res/game_res/", "name": "water.png", "md5": "2dba40735b5a261587cde72b2e57f2b4"}, 
{"path": "xlkpy/res/game_res/", "name": "wave.plist", "md5": "6d532b87375fed75c47089d2781d032b"}, 
{"path": "xlkpy/res/game_res/", "name": "wave.png", "md5": "193e0273f812e53b68a7a0d6f4a61dab"}, 
{"path": "xlkpy/res/game_res/", "name": "whater.plist", "md5": "67798f5b5940fc784ffaeba5e872c6c4"}, 
{"path": "xlkpy/res/game_res/", "name": "whater.png", "md5": "9fcf213195c32cd10f0528691b122c05"}, 
{"path": "xlkpy/res/help/", "name": "bt_close_0.png", "md5": "88544ed11aa155c5d154253991199453"}, 
{"path": "xlkpy/res/help/", "name": "bt_close_1.png", "md5": "a1db665dd2e8ff49826395ca52b979f5"}, 
{"path": "xlkpy/res/help/", "name": "bt_fishReward_0.png", "md5": "08b162e6ef1a5eff3d3cd0b31e7a8a96"}, 
{"path": "xlkpy/res/help/", "name": "bt_fishReward_1.png.png", "md5": "916939f147ec73a75f50c291ed1a255d"}, 
{"path": "xlkpy/res/help/", "name": "bt_help_close_0.png", "md5": "7a47a320b9fbbbc1dd8baa955ac71ba3"}, 
{"path": "xlkpy/res/help/", "name": "bt_help_close_1.png", "md5": "ab34c5bb49706e2fb12fae58384d93df"}, 
{"path": "xlkpy/res/help/", "name": "bt_operation_0.png", "md5": "90c25576f801293b41824dca8cd610b6"}, 
{"path": "xlkpy/res/help/", "name": "bt_operation_1.png", "md5": "19ceadbed3510b59ca6e0c7d7e29e5f9"}, 
{"path": "xlkpy/res/help/", "name": "bt_supply_0.png", "md5": "177974e1aa7666ce4017fd58675df04e"}, 
{"path": "xlkpy/res/help/", "name": "bt_supply_1.png", "md5": "9326de96d482d4978ff4f8fe76040ff9"}, 
{"path": "xlkpy/res/help/", "name": "fish.png", "md5": "9f914a6a4a50fe4325dc880118a9c9b1"}, 
{"path": "xlkpy/res/help/fish_anim/", "name": "box_anim.csb", "md5": "f33fefd2a9370c0f255c3e457b0db437"}, 
{"path": "xlkpy/res/help/fish_anim/", "name": "fish_anim_01.csb", "md5": "be39a222226f655c6ea7647512c46177"}, 
{"path": "xlkpy/res/help/fish_anim/", "name": "fish_anim_02.csb", "md5": "f03c74f75a078d9c180fa2929032b077"}, 
{"path": "xlkpy/res/help/fish_anim/", "name": "fish_anim_03.csb", "md5": "5dcf142c332b994097fc514ad3f8eac1"}, 
{"path": "xlkpy/res/help/fish_anim/", "name": "fish_anim_04.csb", "md5": "91c7dd5dda30afbca54378857e6ca895"}, 
{"path": "xlkpy/res/help/fish_anim/", "name": "fish_anim_05.csb", "md5": "2daeed60e275f59acb6ab301166b4278"}, 
{"path": "xlkpy/res/help/fish_anim/", "name": "fish_anim_06.csb", "md5": "3db3622f0a92779f17d5877f6721b70b"}, 
{"path": "xlkpy/res/help/fish_anim/", "name": "fish_anim_07.csb", "md5": "91d623e39e4fa54b9787d6a077266194"}, 
{"path": "xlkpy/res/help/fish_anim/", "name": "fish_anim_08.csb", "md5": "98351eb104592fe454498cb967b1e0b2"}, 
{"path": "xlkpy/res/help/fish_anim/", "name": "fish_anim_09.csb", "md5": "e8c84c198badc1c0fe604e610db8d865"}, 
{"path": "xlkpy/res/help/fish_anim/", "name": "fish_anim_10.csb", "md5": "c240421409121bc42b5802254f0de284"}, 
{"path": "xlkpy/res/help/fish_anim/", "name": "fish_anim_11.csb", "md5": "5c49d94b4ffe152ba4c460f3aea0a48b"}, 
{"path": "xlkpy/res/help/fish_anim/", "name": "fish_anim_12.csb", "md5": "d51c1ce222644158d63c15733b022ec6"}, 
{"path": "xlkpy/res/help/fish_anim/", "name": "fish_anim_13.csb", "md5": "c000f300ff16fe435357becb9c9a4809"}, 
{"path": "xlkpy/res/help/fish_anim/", "name": "fish_anim_14.csb", "md5": "4fca667fb72333f316398a9c7bf6c0c6"}, 
{"path": "xlkpy/res/help/fish_anim/", "name": "fish_anim_15.csb", "md5": "1e931195ceedad50ba3f14e32146a488"}, 
{"path": "xlkpy/res/help/fish_anim/", "name": "fish_anim_16.csb", "md5": "5780ac5b6152d489d97b3a9e0876f238"}, 
{"path": "xlkpy/res/help/fish_anim/", "name": "fish_anim_17.csb", "md5": "183eb286811fffd30300ef28aa136fb4"}, 
{"path": "xlkpy/res/help/fish_anim/", "name": "fish_anim_18.csb", "md5": "faf1472c14924edb37fbfb742652b080"}, 
{"path": "xlkpy/res/help/fish_anim/", "name": "fish_anim_19.csb", "md5": "fa29bd7145bdb16dc8bff053fa99a240"}, 
{"path": "xlkpy/res/help/fish_anim/", "name": "fish_anim_20.csb", "md5": "652556fb71cba9e6f5f8c4cfcb61057d"}, 
{"path": "xlkpy/res/help/fish_anim/", "name": "fish_anim_21.csb", "md5": "7bf2a747e870e263eaf32887a0a6564c"}, 
{"path": "xlkpy/res/help/fish_anim/", "name": "fish_anim_22.csb", "md5": "4721e48b9e8b2f64a71c2a4503673139"}, 
{"path": "xlkpy/res/help/fish_anim/", "name": "fish_anim_23.csb", "md5": "2de4818f2dd7a445d2f9e12898706705"}, 
{"path": "xlkpy/res/help/fish_anim/", "name": "fish_anim_24.csb", "md5": "9a4c04a68b67abcf98572565a611d9af"}, 
{"path": "xlkpy/res/help/fish_anim/", "name": "pan_anim_green.csb", "md5": "7a01338d21fb517ed01c8d6d72dbff37"}, 
{"path": "xlkpy/res/help/fish_anim/", "name": "pan_anim_purple.csb", "md5": "65fd37bc5f2ec66390eab9e48b3ab181"}, 
{"path": "xlkpy/res/help/", "name": "fish_bg.png", "md5": "417b98427130ff4ec9dc098f58e074eb"}, 
{"path": "xlkpy/res/help/", "name": "fish_bg1.png", "md5": "b3f3819dd3b5251201eff6c353274f8a"}, 
{"path": "xlkpy/res/help/", "name": "HelpLayer.csb", "md5": "577230229847b95f4d37d3ce64666ced"}, 
{"path": "xlkpy/res/help/", "name": "help_bg.png", "md5": "3a3e883efb27aef02d5367e287a7837f"}, 
{"path": "xlkpy/res/help/", "name": "shell.png", "md5": "1a271716d905be8e38345f374ff140da"}, 
{"path": "xlkpy/res/loading/", "name": "bg.jpg", "md5": "9fc2d3bc37a693b6d28786b3cce99f35"}, 
{"path": "xlkpy/res/loading/", "name": "loadingBG.png", "md5": "90a2a5102f05abb06074ffbeff84493b"}, 
{"path": "xlkpy/res/loading/", "name": "loading_1.png", "md5": "72afb59dc4a97f14171b06c6109528c1"}, 
{"path": "xlkpy/res/loading/", "name": "loading_2.png", "md5": "ccd72b306b287f07bebc3d59326f7d2c"}, 
{"path": "xlkpy/res/loading/", "name": "loading_3.png", "md5": "50ead8d20d00f18f3ea86b57acafccb6"}, 
{"path": "xlkpy/res/loading/", "name": "loading_4.png", "md5": "2413eeaa48b347230252415aa352786a"}, 
{"path": "xlkpy/res/loading/", "name": "loading_5.png", "md5": "b3a3fd11155f544da832e12eab1b0251"}, 
{"path": "xlkpy/res/loading/", "name": "loading_6.png", "md5": "93dc5d9c80b0d5ea94915f1d73d1bb0a"}, 
{"path": "xlkpy/res/loading/", "name": "loading_7.png", "md5": "584dfe52071b320c70de90771a037d59"}, 
{"path": "xlkpy/res/loading/", "name": "loading_8.png", "md5": "b214bab1c8e02eea57e4c301646e5ff1"}, 
{"path": "xlkpy/res/loading/", "name": "loading_9.png", "md5": "41469e7f6d968c1bf77d24e554c7f451"}, 
{"path": "xlkpy/res/loading/", "name": "loading_cell.png", "md5": "a1d3335774c11a2200c54d23b5597900"}, 
{"path": "xlkpy/res/loading/", "name": "loading_text.png", "md5": "bad82394c782423107699a859cf81919"}, 
{"path": "xlkpy/res/particle/", "name": "particle_bigfish.plist", "md5": "4e4063d206a582aa1a5168ea43c6a57d"}, 
{"path": "xlkpy/res/particle/", "name": "particle_bigfish.png", "md5": "291d39f9d1a05af76ed49981a64c00f8"}, 
{"path": "xlkpy/res/particle/", "name": "particle_bubbleup.plist", "md5": "fd175e228dc26667f14e39a32db0cd80"}, 
{"path": "xlkpy/res/particle/", "name": "particle_bubbleup.png", "md5": "291d39f9d1a05af76ed49981a64c00f8"}, 
{"path": "xlkpy/res/particle/", "name": "particle_bubbleyellow.plist", "md5": "1dcd92b7c86fa8a6414f5464d98d5bb3"}, 
{"path": "xlkpy/res/particle/", "name": "particle_bubbleyellow.png", "md5": "982bf1f7f6bd75db8d8e5061e6976b09"}, 
{"path": "xlkpy/res/particle/", "name": "particle_fishking.plist", "md5": "822d743fb598ab07ab663c78d0038433"}, 
{"path": "xlkpy/res/particle/", "name": "particle_fishking.png", "md5": "78293704511ff11a8226cc07ed3dd400"}, 
{"path": "xlkpy/res/particle/", "name": "particle_stopscreen.plist", "md5": "d147c53e536b57b81844b2fc93e52296"}, 
{"path": "xlkpy/res/particle/", "name": "particle_stopscreen.png", "md5": "9ab232d48ddc68ed7167b585eaa5ff83"}, 
{"path": "xlkpy/res/particle/", "name": "Thumbs.db", "md5": "6b8e89ec1c35c42891f4ee98f5245bb0"}, 
{"path": "xlkpy/res/roomlist/", "name": "icon_roomlist_2.png", "md5": "e2590ea4413395215dd7541cd89f9668"}, 
{"path": "xlkpy/res/roomlist/", "name": "icon_roomlist_3.png", "md5": "0ad2d3c0b622afe6859bab90e65dadd0"}, 
{"path": "xlkpy/res/roomlist/", "name": "icon_roomlist_4.png", "md5": "646c915d0c2f28c5f1c89f7fbe0f7a81"}, 
{"path": "xlkpy/res/roomlist/", "name": "icon_roomlist_5.png", "md5": "98bd8c57f11fb9bad58e05829b23137c"}, 
{"path": "xlkpy/res/roomlist/", "name": "roomtable.png", "md5": "1ec13d89cdb49b7dbaf7af7947f4039b"}, 
{"path": "xlkpy/res/roomlist/", "name": "Thumbs.db", "md5": "7b7ec21c19c5651646e1c3dbc53fdf81"}, 
{"path": "xlkpy/res/", "name": "scene1.csb", "md5": "5b3937b2086aecaa141aa867ba746c53"}, 
{"path": "xlkpy/res/setting_res/", "name": "bt_check_yes.png", "md5": "a72537f13dcd7a1f1b280931e60d23bd"}, 
{"path": "xlkpy/res/setting_res/", "name": "bt_close_0.png", "md5": "e15038c6cbd887744448b6fc2386fdc7"}, 
{"path": "xlkpy/res/setting_res/", "name": "bt_close_1.png", "md5": "679ef38d83b29610674fa55be964cf35"}, 
{"path": "xlkpy/res/setting_res/", "name": "im_setting_title.png", "md5": "e3e47465610fb2d414459789ef6499ef"}, 
{"path": "xlkpy/res/setting_res/", "name": "setting_bg.png", "md5": "fbab0cdf738e3d0692d7d796632c7d74"}, 
{"path": "xlkpy/res/setting_res/", "name": "txt_sound_off.png", "md5": "814722b5727d6921efd26f30e7843a51"}, 
{"path": "xlkpy/res/sound_res/", "name": "beauty_0.wav", "md5": "71ce17539a1932a62da5e0ef18b60b73"}, 
{"path": "xlkpy/res/sound_res/", "name": "beauty_1.wav", "md5": "6e31e20063b03dd4c0f244efcf9f1bd5"}, 
{"path": "xlkpy/res/sound_res/", "name": "beauty_2.wav", "md5": "9cb6ef2ebc5741ec22615e0849561472"}, 
{"path": "xlkpy/res/sound_res/", "name": "beauty_3.wav", "md5": "a2c022a82d2dbb6e5a86744a02e1f410"}, 
{"path": "xlkpy/res/sound_res/", "name": "big_10.wav", "md5": "2bc6b71ce407895f1ad5fe6d633f4b64"}, 
{"path": "xlkpy/res/sound_res/", "name": "big_11.wav", "md5": "2071414fd55d3b7e591b771cd6baa7a7"}, 
{"path": "xlkpy/res/sound_res/", "name": "big_12.wav", "md5": "9adbdd9146e2b0acdaee588a7f18cc14"}, 
{"path": "xlkpy/res/sound_res/", "name": "big_13.wav", "md5": "426183f3b57d069df8a34dda0ab821a6"}, 
{"path": "xlkpy/res/sound_res/", "name": "big_14.wav", "md5": "a796ed36871f8abc6737016f274f72ba"}, 
{"path": "xlkpy/res/sound_res/", "name": "big_15.wav", "md5": "e2b7edf7f8f9d6ae49c6dfe75e828d6e"}, 
{"path": "xlkpy/res/sound_res/", "name": "big_16.wav", "md5": "87d39e8d458d23d1fa145a21cb2f6d37"}, 
{"path": "xlkpy/res/sound_res/", "name": "big_7.wav", "md5": "cc0fa2997f462433ff5d8347f8cb116f"}, 
{"path": "xlkpy/res/sound_res/", "name": "big_8.wav", "md5": "647610cbd3f7cf13e1914e941079219f"}, 
{"path": "xlkpy/res/sound_res/", "name": "big_9.wav", "md5": "fb609e50e23567148b42dd99b2867655"}, 
{"path": "xlkpy/res/sound_res/", "name": "bingo.wav", "md5": "41f0847305f64eaafd7aa18bbb4f660e"}, 
{"path": "xlkpy/res/sound_res/", "name": "CHANGE_SCENE.wav", "md5": "dc2cc9d4f8484345b7388e05087bfc87"}, 
{"path": "xlkpy/res/sound_res/", "name": "CoinAnimation.wav", "md5": "d59c7b1a2cbc362d8650ef732ce1305a"}, 
{"path": "xlkpy/res/sound_res/", "name": "coinfly.wav", "md5": "98ab313dc98d7e68433e2fb7294375a4"}, 
{"path": "xlkpy/res/sound_res/", "name": "CoinLightMove.wav", "md5": "8028a6ad049543cdddf6e53438a025e1"}, 
{"path": "xlkpy/res/sound_res/", "name": "combo.wav", "md5": "e935bfee4610cdc7f58d4fb44ed480f3"}, 
{"path": "xlkpy/res/sound_res/", "name": "fish_special.wav", "md5": "3e24740dd4a353bcc0fbac1368524094"}, 
{"path": "xlkpy/res/sound_res/", "name": "LOAD_BACK.mp3", "md5": "5b06ad5fe0e8c131c20733cca365569c"}, 
{"path": "xlkpy/res/sound_res/", "name": "MUSIC_BACK_01.mp3", "md5": "5180373e1dde02930ca4cc44a3c4aadb"}, 
{"path": "xlkpy/res/sound_res/", "name": "MUSIC_BACK_02.mp3", "md5": "6f5e70e363c32cfa66ce536e1574b745"}, 
{"path": "xlkpy/res/sound_res/", "name": "MUSIC_BACK_03.mp3", "md5": "77b52a92519fa4d75c0bfb0c1c4e8d29"}, 
{"path": "xlkpy/res/sound_res/", "name": "PROP_ARMOUR_PIERCING.wav", "md5": "515e1ddf35135df194d080608865c0c5"}, 
{"path": "xlkpy/res/sound_res/", "name": "SHELL_8.wav", "md5": "dbc2f7540bcac3489ca77b09e813bad4"}, 
{"path": "xlkpy/res/sound_res/", "name": "small_0.wav", "md5": "e44844340ddabff3c25fa42464ad530f"}, 
{"path": "xlkpy/res/sound_res/", "name": "small_1.wav", "md5": "be78978cc8a5c0418890f1fe4347a5ef"}, 
{"path": "xlkpy/res/sound_res/", "name": "small_2.wav", "md5": "67c84463729b23f2330fb97b3d2fa580"}, 
{"path": "xlkpy/res/sound_res/", "name": "small_3.wav", "md5": "39100bdbb5da3d0a00b240af49e4e287"}, 
{"path": "xlkpy/res/sound_res/", "name": "small_4.wav", "md5": "4318dd7bf90fa39cea1c2306c08ced40"}, 
{"path": "xlkpy/res/sound_res/", "name": "small_5.wav", "md5": "af20e38c382b0f60834771b4329753f5"}, 
{"path": "xlkpy/res/sound_res/", "name": "SMALL_BEGIN.wav", "md5": "6d50919ffa7acdf6044464cd60b280b2"}, 
{"path": "xlkpy/res/sound_res/", "name": "SmashFail.wav", "md5": "5adc65480616865929806767acca6c51"}, 
{"path": "xlkpy/res/sound_res/", "name": "special_shoot.wav", "md5": "53118a3ef8a9c52efa3ec885d4ec806c"}, 
{"path": "xlkpy/res/sound_res/", "name": "SWITCHING_RUN.wav", "md5": "f54d61c7d1715cae667b50c6b00428cf"}, 
{"path": "xlkpy/res/tips/", "name": "tips_18.png", "md5": "145366f4dc1ca59081e80e2ab33cec47"}, 
{"path": "xlkpy/res/tips/", "name": "tips_19.png", "md5": "4ad71d5c9f31787b3dab07fe5757f3bd"}, 
{"path": "xlkpy/res/tips/", "name": "tips_20.png", "md5": "bef28f95fc49f53c762b5d5a6e627165"}, 
{"path": "xlkpy/res/tips/", "name": "tips_21.png", "md5": "9882e6ea3dce4525a558574e0f7c55cd"}, 
{"path": "xlkpy/res/tips/", "name": "tips_bg.png", "md5": "f5221a9e710ea8aed9db5b213ca6e296"}, 
{"path": "xlkpy/res/tips/", "name": "tips_box_1.png", "md5": "fb88762ecd95d6402af35cb2d66dbd85"}, 
{"path": "xlkpy/res/tips/", "name": "tips_box_2.png", "md5": "fd84954ece75f7aed3ab9e825e8f9424"}, 
{"path": "xlkpy/res/tips/", "name": "tips_box_3.png", "md5": "d58acf49d102067c4fbe610122289360"}, 
{"path": "xlkpy/res/tips/", "name": "tips_box_4.png", "md5": "a43fbe0c9880939e4d64530d064fbc06"}, 
{"path": "xlkpy/res/tips/", "name": "tips_box_5.png", "md5": "cc9162a678583d7d3c7c3febb7780015"}, 
{"path": "xlkpy/res/tips/", "name": "tips_box_6.png", "md5": "d8f5ac76c2d332bc0b5d9801ffa1783d"}, 
{"path": "xlkpy/res/tips/", "name": "tips_box_7.png", "md5": "7095b313f426d4a0d4d54bbc79b8a555"}, 
{"path": "xlkpy/res/tips/", "name": "tips_box_8.png", "md5": "2f3b4a706fcbf7af25d1f7ae2139b24f"}, 
{"path": "xlkpy/res/tips/", "name": "tips_score_18.png", "md5": "fd207f0fea06c2ec70753bfad31566f7"}, 
{"path": "xlkpy/res/tips/", "name": "tips_score_19.png", "md5": "80f1468f1729b4b5fc3aeeadb75be2cb"}, 
{"path": "xlkpy/res/tips/", "name": "tips_score_20.png", "md5": "a5646e5154456585356c888f5a7ec4c5"}, 
{"path": "xlkpy/res/tips/", "name": "tips_score_21.png", "md5": "f855042f66870dced7c15c3923ed6209"}, 
{"path": "xlkpy/res/tips/", "name": "ZhuanPan.png", "md5": "591361a4093e9d318d0498b31850f71a"}, 
{"path": "xlkpy/res/tips/", "name": "ZhuanPanZhen.png", "md5": "2530f8cbb3e2bb2440a955c64476cf97"}, 
{"path": "xlkpy/src/models/", "name": "CMD_LKPYGame.luac", "md5": "b69547baebb367c5832a38639abd19c1"}, 
{"path": "xlkpy/src/models/", "name": "fishTrace1_1.luac", "md5": "4139f0789eda938f61a2ad231fc5cd3d"}, 
{"path": "xlkpy/src/models/", "name": "fishTrace1_2.luac", "md5": "15939dcb911ac90f3ede1736fcd9149b"}, 
{"path": "xlkpy/src/models/", "name": "fishTrace1_3.luac", "md5": "14aa7e80a4f4c4ccb62c2a52cb17c7f1"}, 
{"path": "xlkpy/src/models/", "name": "fishTrace1_4.luac", "md5": "29039c352a5e4d110b983049dad927c9"}, 
{"path": "xlkpy/src/models/", "name": "fishTrace1_5.luac", "md5": "7dc635bc50d522e8c7a97d9620a05017"}, 
{"path": "xlkpy/src/models/", "name": "fishTrace2_1.luac", "md5": "52427d153a950c524ca59dccbb6023df"}, 
{"path": "xlkpy/src/models/", "name": "fishTrace2_2.luac", "md5": "3d76fe7de61a8a77f7e809ca45e1503b"}, 
{"path": "xlkpy/src/models/", "name": "fishTrace3_1.luac", "md5": "98a13a423610e7fc3b66c2c9610d8ec8"}, 
{"path": "xlkpy/src/models/", "name": "fishTrace3_2.luac", "md5": "c506a410c256909bb0a9d6d0df937633"}, 
{"path": "xlkpy/src/models/", "name": "fishTrace3_3.luac", "md5": "05b3006d4a12ea875a81ff0b6c94490d"}, 
{"path": "xlkpy/src/models/", "name": "fishTrace3_4.luac", "md5": "44738f9b6a31696d6baa7bbf42141721"}, 
{"path": "xlkpy/src/models/", "name": "fishTrace3_5.luac", "md5": "af5cc4f24e08d54e187bd7155f493510"}, 
{"path": "xlkpy/src/models/", "name": "fishTrace3_6.luac", "md5": "194a4ad06137b062b7f37869c28a711a"}, 
{"path": "xlkpy/src/models/", "name": "fishTrace4_1.luac", "md5": "0d7a02f544c7b6d9621c702b7ca5a77d"}, 
{"path": "xlkpy/src/models/", "name": "fishTrace4_2.luac", "md5": "fdb9b89e93e574e9642822202d7e21e7"}, 
{"path": "xlkpy/src/models/", "name": "fishTrace5_1.luac", "md5": "d36eac78642919547f71f54b0d83c8c6"}, 
{"path": "xlkpy/src/models/", "name": "fishTrace5_2.luac", "md5": "fb83794f1e47b8fb086e6bef076dbf3b"}, 
{"path": "xlkpy/src/models/", "name": "fishTrace5_3.luac", "md5": "7ee4bb02b6828ae4a3c12b3ddec4b230"}, 
{"path": "xlkpy/src/models/", "name": "fishTrace5_4.luac", "md5": "91781d13e854a6086fed0a6173071485"}, 
{"path": "xlkpy/src/models/", "name": "fishTrace5_5.luac", "md5": "241743b576c9f60822b3661881a4c505"}, 
{"path": "xlkpy/src/models/", "name": "GameFrame.luac", "md5": "ad573bc960555254d3adf85de2db496c"}, 
{"path": "xlkpy/src/views/", "name": "GameLayer.luac", "md5": "b95140042664aba6986e0a6ba5bd5820"}, 
{"path": "xlkpy/src/views/", "name": "GameRoomLayer.luac", "md5": "d8f9e6f4b0a359f61622465945cf61af"}, 
{"path": "xlkpy/src/views/layer/", "name": "Bullet1.luac", "md5": "6b67d26a8004393b7ce8293007fbd324"}, 
{"path": "xlkpy/src/views/layer/", "name": "Cannon1.luac", "md5": "c0b1706cf7549a37127ced7ca5bdc374"}, 
{"path": "xlkpy/src/views/layer/", "name": "CannonLayer1.luac", "md5": "db344a24f8f7193d080f7c35c52e7b1d"}, 
{"path": "xlkpy/src/views/layer/", "name": "Fish1.luac", "md5": "c417b3700a1bffdb0ae17e562340b3c5"}, 
{"path": "xlkpy/src/views/layer/", "name": "GameViewLayer.luac", "md5": "0615c3bb173b2ee50852f2f44ef45fb0"}, 
{"path": "xlkpy/src/views/layer/", "name": "HelpLayer.luac", "md5": "64f9221bf3b8826c65ed0495242e49ed"}, 
{"path": "xlkpy/src/views/layer/", "name": "PreLoading.luac", "md5": "41205a24a12fada0a7dfd059e20ebab8"}, 
{"allcount": 319}]}